-- Repertório transcrito das capas 1 a 7 fornecidas pelo utilizador.
INSERT INTO "Song" (
    "id", "title", "composerName", "arrangerName",
    "active", "createdAt", "updatedAt"
) VALUES
    ('repertoire-001', 'Kyrie eleison', 'Jacques Berthier', NULL, true, CURRENT_TIMESTAMP, CURRENT_TIMESTAMP),
    ('repertoire-002', 'Kyrie Eleison', 'Manuel Simões', NULL, true, CURRENT_TIMESTAMP, CURRENT_TIMESTAMP),
    ('repertoire-003', 'Kyrie Eleison', 'Marco Frisina', NULL, true, CURRENT_TIMESTAMP, CURRENT_TIMESTAMP),
    ('repertoire-004', 'Kyrie Eleison (Angelis)', 'Mário Soroldoni', NULL, true, CURRENT_TIMESTAMP, CURRENT_TIMESTAMP),
    ('repertoire-005', 'Kyrie Eleison', 'Miguel Carneiro', NULL, true, CURRENT_TIMESTAMP, CURRENT_TIMESTAMP),
    ('repertoire-006', 'Kyrie Eleison (Orbis Factor)', 'Manuel Simões', NULL, true, CURRENT_TIMESTAMP, CURRENT_TIMESTAMP),
    ('repertoire-007', 'Senhor, tende piedade', 'Carlos Silva', NULL, true, CURRENT_TIMESTAMP, CURRENT_TIMESTAMP),
    ('repertoire-008', 'Aleluia (Dia de Natal)', 'Manuel Luís', NULL, true, CURRENT_TIMESTAMP, CURRENT_TIMESTAMP),
    ('repertoire-009', 'Aleluia (gregoriano c/ polifonia)', 'Pedro Araújo', NULL, true, CURRENT_TIMESTAMP, CURRENT_TIMESTAMP),
    ('repertoire-010', 'Aleluia', 'A. Cartageno', NULL, true, CURRENT_TIMESTAMP, CURRENT_TIMESTAMP),
    ('repertoire-011', 'Aleluia', 'Carlos Silva', 'A. Cartageno', true, CURRENT_TIMESTAMP, CURRENT_TIMESTAMP),
    ('repertoire-012', 'Aleluia', 'Carlos Silva', 'Ant. Cartageno', true, CURRENT_TIMESTAMP, CURRENT_TIMESTAMP),
    ('repertoire-013', 'Aleluia', 'David Oliveira', NULL, true, CURRENT_TIMESTAMP, CURRENT_TIMESTAMP),
    ('repertoire-014', 'Aleluia', 'J. Cheponis', NULL, true, CURRENT_TIMESTAMP, CURRENT_TIMESTAMP),
    ('repertoire-015', 'Aleluia', 'J. F. Silva', NULL, true, CURRENT_TIMESTAMP, CURRENT_TIMESTAMP),
    ('repertoire-016', 'Aleluia', 'J. Roux/A. Cartageno', NULL, true, CURRENT_TIMESTAMP, CURRENT_TIMESTAMP),
    ('repertoire-017', 'Aleluia', 'Jacques Berthier', NULL, true, CURRENT_TIMESTAMP, CURRENT_TIMESTAMP),
    ('repertoire-018', 'Aleluia', 'M. Carneiro', NULL, true, CURRENT_TIMESTAMP, CURRENT_TIMESTAMP),
    ('repertoire-019', 'Aleluia', 'M. Simões', NULL, true, CURRENT_TIMESTAMP, CURRENT_TIMESTAMP),
    ('repertoire-020', 'Aleluia', 'M. Joncas', NULL, true, CURRENT_TIMESTAMP, CURRENT_TIMESTAMP),
    ('repertoire-021', 'Sanctus', 'Mário Soroldoni', NULL, true, CURRENT_TIMESTAMP, CURRENT_TIMESTAMP),
    ('repertoire-022', 'Santo', 'A. Cartageno', NULL, true, CURRENT_TIMESTAMP, CURRENT_TIMESTAMP),
    ('repertoire-023', 'Santo', 'A. Cartageno II', NULL, true, CURRENT_TIMESTAMP, CURRENT_TIMESTAMP),
    ('repertoire-024', 'Santo (Bb)', 'C. Silva', 'A. Cartageno', true, CURRENT_TIMESTAMP, CURRENT_TIMESTAMP),
    ('repertoire-025', 'Santo (C)', 'C. Silva', 'A. Cartageno', true, CURRENT_TIMESTAMP, CURRENT_TIMESTAMP),
    ('repertoire-026', 'Santo (G)', 'F. dos Santos', NULL, true, CURRENT_TIMESTAMP, CURRENT_TIMESTAMP),
    ('repertoire-027', 'Santo (Bm)', 'F. Silva', NULL, true, CURRENT_TIMESTAMP, CURRENT_TIMESTAMP),
    ('repertoire-028', 'Santo', 'M. Luís', 'A. Cartageno', true, CURRENT_TIMESTAMP, CURRENT_TIMESTAMP),
    ('repertoire-029', 'Santo (Missa St. António)', 'M. Faria Borda', NULL, true, CURRENT_TIMESTAMP, CURRENT_TIMESTAMP),
    ('repertoire-030', 'Agnus Dei (Missa VIII | Missa de Angelis)', 'Mário Soroldoni', NULL, true, CURRENT_TIMESTAMP, CURRENT_TIMESTAMP),
    ('repertoire-031', 'Agnus Dei', 'Wolfram Menschick', NULL, true, CURRENT_TIMESTAMP, CURRENT_TIMESTAMP),
    ('repertoire-032', 'Cordeiro de Deus', 'António Cartageno', NULL, true, CURRENT_TIMESTAMP, CURRENT_TIMESTAMP),
    ('repertoire-033', 'Cordeiro de Deus', 'C. Silva', 'A. Cartageno', true, CURRENT_TIMESTAMP, CURRENT_TIMESTAMP),
    ('repertoire-034', 'Cordeiro de Deus', 'M. Madureira', 'A. Cartageno', true, CURRENT_TIMESTAMP, CURRENT_TIMESTAMP),
    ('repertoire-035', 'Cordeiro de Deus', 'M. Simões (nº 50/51)', NULL, true, CURRENT_TIMESTAMP, CURRENT_TIMESTAMP),
    ('repertoire-036', 'Cordeiro de Deus', 'M. Luís', 'A. Cartageno', true, CURRENT_TIMESTAMP, CURRENT_TIMESTAMP),
    ('repertoire-037', 'A messe é grande', 'C. Silva', NULL, true, CURRENT_TIMESTAMP, CURRENT_TIMESTAMP),
    ('repertoire-038', 'A misericórdia do Senhor', 'Fernando Lapa', NULL, true, CURRENT_TIMESTAMP, CURRENT_TIMESTAMP),
    ('repertoire-039', 'A semente é a palavra de Deus', 'Compositor desconhecido', NULL, true, CURRENT_TIMESTAMP, CURRENT_TIMESTAMP),
    ('repertoire-040', 'A terra inteira cante ao Senhor', 'Benjamin Salgado', NULL, true, CURRENT_TIMESTAMP, CURRENT_TIMESTAMP),
    ('repertoire-041', 'À Virgem cheia de graça', 'A. Cartageno', NULL, true, CURRENT_TIMESTAMP, CURRENT_TIMESTAMP),
    ('repertoire-042', 'Abbá, ó Pai (Recebestes um Espírito)', 'C. Silva', NULL, true, CURRENT_TIMESTAMP, CURRENT_TIMESTAMP),
    ('repertoire-043', 'Abençoai, Mãe bondosa', 'M. Faria', NULL, true, CURRENT_TIMESTAMP, CURRENT_TIMESTAMP),
    ('repertoire-044', 'Abri os corações', 'Joaquim Santos', NULL, true, CURRENT_TIMESTAMP, CURRENT_TIMESTAMP),
    ('repertoire-045', 'Aclamai Jesus Cristo', 'Fr. Silva', NULL, true, CURRENT_TIMESTAMP, CURRENT_TIMESTAMP),
    ('repertoire-046', 'Alegra-te, Jerusalém I', 'Alberto Medina de Seiça', NULL, true, CURRENT_TIMESTAMP, CURRENT_TIMESTAMP),
    ('repertoire-047', 'Alegrem-se os Céus', 'M. Luís', NULL, true, CURRENT_TIMESTAMP, CURRENT_TIMESTAMP),
    ('repertoire-048', 'Alegres tirareis a água pura', 'M. Simões', NULL, true, CURRENT_TIMESTAMP, CURRENT_TIMESTAMP),
    ('repertoire-049', 'Alegre-se o coração', 'João Andrade Nunes', NULL, true, CURRENT_TIMESTAMP, CURRENT_TIMESTAMP),
    ('repertoire-050', 'Anima Christi', 'Marco Frisina', NULL, true, CURRENT_TIMESTAMP, CURRENT_TIMESTAMP),
    ('repertoire-051', 'Ao Deus do Universo', 'Joaquim dos Santos', NULL, true, CURRENT_TIMESTAMP, CURRENT_TIMESTAMP),
    ('repertoire-052', 'Ao Senhor do Universo', 'J. F. Silva', NULL, true, CURRENT_TIMESTAMP, CURRENT_TIMESTAMP),
    ('repertoire-053', 'Apareceu no céu um sinal', 'J. Geada', NULL, true, CURRENT_TIMESTAMP, CURRENT_TIMESTAMP),
    ('repertoire-054', 'Apresentamos, Senhor', 'H. Faria', NULL, true, CURRENT_TIMESTAMP, CURRENT_TIMESTAMP),
    ('repertoire-055', 'Aproximai-vos do Senhor', 'Fr. Silva', NULL, true, CURRENT_TIMESTAMP, CURRENT_TIMESTAMP),
    ('repertoire-056', 'Aquele que meditar dia e noite', 'João Andrade Nunes', NULL, true, CURRENT_TIMESTAMP, CURRENT_TIMESTAMP),
    ('repertoire-057', 'Ave Maria cheia de graça', 'Mário Silva', NULL, true, CURRENT_TIMESTAMP, CURRENT_TIMESTAMP),
    ('repertoire-058', 'Ave, Marias, farol do mar', 'Az. Oliveira', NULL, true, CURRENT_TIMESTAMP, CURRENT_TIMESTAMP),
    ('repertoire-059', 'Ave, o Theotokos', 'Carlos Silva', NULL, true, CURRENT_TIMESTAMP, CURRENT_TIMESTAMP),
    ('repertoire-060', 'Banquete Sagrado', 'F Silva', NULL, true, CURRENT_TIMESTAMP, CURRENT_TIMESTAMP),
    ('repertoire-061', 'Bebei, se tendes sede (Senhor, quanta alegria é encontrar-Te)', 'Carlos Silva', NULL, true, CURRENT_TIMESTAMP, CURRENT_TIMESTAMP),
    ('repertoire-062', 'Bem aventurados, Os que promovem a paz!', 'Az. Oliveira', NULL, true, CURRENT_TIMESTAMP, CURRENT_TIMESTAMP),
    ('repertoire-063', 'Bendita Seja a Virgem Maria', 'M. Luís', NULL, true, CURRENT_TIMESTAMP, CURRENT_TIMESTAMP),
    ('repertoire-064', 'Bendito sejais, Senhor nosso Deus', 'Az. Oliveira', NULL, true, CURRENT_TIMESTAMP, CURRENT_TIMESTAMP),
    ('repertoire-065', 'Bendito sejas, Senhor, És o Pão que nos sacia!', 'A. Cartageno', 'F. Melro', true, CURRENT_TIMESTAMP, CURRENT_TIMESTAMP),
    ('repertoire-066', 'Bendizei o Senhor', 'Bénissez le Seigneur', NULL, true, CURRENT_TIMESTAMP, CURRENT_TIMESTAMP),
    ('repertoire-067', 'Bom pastor, pão da verdade', 'Az. Oliveira', NULL, true, CURRENT_TIMESTAMP, CURRENT_TIMESTAMP),
    ('repertoire-068', 'Cantai ao Senhor', 'Carlos Silva', NULL, true, CURRENT_TIMESTAMP, CURRENT_TIMESTAMP),
    ('repertoire-069', 'Cantai comigo', 'Henrique Faria', NULL, true, CURRENT_TIMESTAMP, CURRENT_TIMESTAMP),
    ('repertoire-070', 'Cantai, cantai ao Senhor', 'Fernandes da Silva', NULL, true, CURRENT_TIMESTAMP, CURRENT_TIMESTAMP),
    ('repertoire-071', 'Cantarei ao Senhor', 'Fr. Silva', NULL, true, CURRENT_TIMESTAMP, CURRENT_TIMESTAMP),
    ('repertoire-072', 'Cantarei ao Senhor por tudo o que Ele fez por mim (nº 70)', 'Compositor desconhecido', NULL, true, CURRENT_TIMESTAMP, CURRENT_TIMESTAMP),
    ('repertoire-073', 'Cantemos, cantemos, cantemos ao Senhor Um cântico novo de alegria', 'M. Faria', NULL, true, CURRENT_TIMESTAMP, CURRENT_TIMESTAMP),
    ('repertoire-074', 'Com a bênção do Pai', 'Joaquim dos Santos', NULL, true, CURRENT_TIMESTAMP, CURRENT_TIMESTAMP),
    ('repertoire-075', 'Comei do pão', 'J. Berthier', NULL, true, CURRENT_TIMESTAMP, CURRENT_TIMESTAMP),
    ('repertoire-076', 'Como é agradável a vossa morada', 'J. Santos', NULL, true, CURRENT_TIMESTAMP, CURRENT_TIMESTAMP),
    ('repertoire-077', 'Como o veado em busca das águas', 'M. Simões', NULL, true, CURRENT_TIMESTAMP, CURRENT_TIMESTAMP),
    ('repertoire-078', 'Conduzi-me, Senhor pelos vossos caminhos', 'Teodoro Sousa', NULL, true, CURRENT_TIMESTAMP, CURRENT_TIMESTAMP),
    ('repertoire-079', 'Construí a vossa casa', 'Fernandes da Silva', NULL, true, CURRENT_TIMESTAMP, CURRENT_TIMESTAMP),
    ('repertoire-080', 'Credo, Domine', 'A. Cartageno', NULL, true, CURRENT_TIMESTAMP, CURRENT_TIMESTAMP),
    ('repertoire-081', 'Creio em Deus pai todo o poderoso', 'A. Cartageno', NULL, true, CURRENT_TIMESTAMP, CURRENT_TIMESTAMP),
    ('repertoire-082', 'Cremos em Deus Pai', 'Fr. Silva', NULL, true, CURRENT_TIMESTAMP, CURRENT_TIMESTAMP),
    ('repertoire-083', 'Cristo amou a Igreja', 'C. Silva', NULL, true, CURRENT_TIMESTAMP, CURRENT_TIMESTAMP);

INSERT INTO "SongTypeAssignment" ("songId", "type") VALUES
    ('repertoire-001', 'PENITENTIAL_ACT'),
    ('repertoire-002', 'PENITENTIAL_ACT'),
    ('repertoire-003', 'PENITENTIAL_ACT'),
    ('repertoire-004', 'PENITENTIAL_ACT'),
    ('repertoire-005', 'PENITENTIAL_ACT'),
    ('repertoire-006', 'PENITENTIAL_ACT'),
    ('repertoire-007', 'PENITENTIAL_ACT'),
    ('repertoire-008', 'GOSPEL_ACCLAMATION'),
    ('repertoire-009', 'GOSPEL_ACCLAMATION'),
    ('repertoire-010', 'GOSPEL_ACCLAMATION'),
    ('repertoire-011', 'GOSPEL_ACCLAMATION'),
    ('repertoire-012', 'GOSPEL_ACCLAMATION'),
    ('repertoire-013', 'GOSPEL_ACCLAMATION'),
    ('repertoire-014', 'GOSPEL_ACCLAMATION'),
    ('repertoire-015', 'GOSPEL_ACCLAMATION'),
    ('repertoire-016', 'GOSPEL_ACCLAMATION'),
    ('repertoire-017', 'GOSPEL_ACCLAMATION'),
    ('repertoire-018', 'GOSPEL_ACCLAMATION'),
    ('repertoire-019', 'GOSPEL_ACCLAMATION'),
    ('repertoire-020', 'GOSPEL_ACCLAMATION'),
    ('repertoire-021', 'HOLY'),
    ('repertoire-022', 'HOLY'),
    ('repertoire-023', 'HOLY'),
    ('repertoire-024', 'HOLY'),
    ('repertoire-025', 'HOLY'),
    ('repertoire-026', 'HOLY'),
    ('repertoire-027', 'HOLY'),
    ('repertoire-028', 'HOLY'),
    ('repertoire-029', 'HOLY'),
    ('repertoire-030', 'LAMB_OF_GOD'),
    ('repertoire-031', 'LAMB_OF_GOD'),
    ('repertoire-032', 'LAMB_OF_GOD'),
    ('repertoire-033', 'LAMB_OF_GOD'),
    ('repertoire-034', 'LAMB_OF_GOD'),
    ('repertoire-035', 'LAMB_OF_GOD'),
    ('repertoire-036', 'LAMB_OF_GOD'),
    ('repertoire-037', 'OFFERTORY'),
    ('repertoire-038', 'ENTRANCE'),
    ('repertoire-038', 'FINAL'),
    ('repertoire-039', 'COMMUNION'),
    ('repertoire-040', 'ENTRANCE'),
    ('repertoire-041', 'OTHER'),
    ('repertoire-042', 'COMMUNION'),
    ('repertoire-043', 'OTHER'),
    ('repertoire-044', 'ENTRANCE'),
    ('repertoire-045', 'ENTRANCE'),
    ('repertoire-046', 'ENTRANCE'),
    ('repertoire-047', 'ENTRANCE'),
    ('repertoire-048', 'COMMUNION'),
    ('repertoire-049', 'ENTRANCE'),
    ('repertoire-050', 'COMMUNION'),
    ('repertoire-051', 'FINAL'),
    ('repertoire-052', 'ENTRANCE'),
    ('repertoire-052', 'FINAL'),
    ('repertoire-053', 'OTHER'),
    ('repertoire-054', 'OFFERTORY'),
    ('repertoire-055', 'ENTRANCE'),
    ('repertoire-055', 'COMMUNION'),
    ('repertoire-056', 'OFFERTORY'),
    ('repertoire-057', 'OTHER'),
    ('repertoire-058', 'OTHER'),
    ('repertoire-059', 'OTHER'),
    ('repertoire-060', 'OFFERTORY'),
    ('repertoire-061', 'COMMUNION'),
    ('repertoire-062', 'ENTRANCE'),
    ('repertoire-062', 'FINAL'),
    ('repertoire-063', 'OTHER'),
    ('repertoire-064', 'OFFERTORY'),
    ('repertoire-065', 'COMMUNION'),
    ('repertoire-066', 'COMMUNION'),
    ('repertoire-067', 'COMMUNION'),
    ('repertoire-068', 'ENTRANCE'),
    ('repertoire-068', 'FINAL'),
    ('repertoire-069', 'FINAL'),
    ('repertoire-070', 'ENTRANCE'),
    ('repertoire-071', 'FINAL'),
    ('repertoire-072', 'FINAL'),
    ('repertoire-073', 'ENTRANCE'),
    ('repertoire-074', 'FINAL'),
    ('repertoire-075', 'COMMUNION'),
    ('repertoire-076', 'OFFERTORY'),
    ('repertoire-077', 'COMMUNION'),
    ('repertoire-078', 'FINAL'),
    ('repertoire-079', 'OFFERTORY'),
    ('repertoire-080', 'CREED'),
    ('repertoire-080', 'FINAL'),
    ('repertoire-081', 'CREED'),
    ('repertoire-082', 'CREED'),
    ('repertoire-082', 'OFFERTORY'),
    ('repertoire-083', 'OFFERTORY');

INSERT INTO "SongTag" ("songId", "tagId") VALUES
    ('repertoire-008', 'tag-season-christmas'),
    ('repertoire-041', 'tag-category-marian'),
    ('repertoire-043', 'tag-category-marian'),
    ('repertoire-053', 'tag-category-marian'),
    ('repertoire-057', 'tag-category-marian'),
    ('repertoire-058', 'tag-category-marian'),
    ('repertoire-059', 'tag-category-marian'),
    ('repertoire-063', 'tag-category-marian'),
    ('repertoire-073', 'tag-season-christmas');
